MES,Data,Grupos de usuários,Parceiro,compradores,comissão,cashback,vendas totais,porcentagem de cash back ATUAL,Ticket Médio,"porcentagem ""IDEAL""",lucro,,,,,,,,,,
janeiro,2011-01-01,Grupo 2,Parceiro A,200,$12.950,$6.475,$117.726,"50,00%",$589,50%,$6.475,,,,,,,,,,
janeiro,2011-01-01,Grupo 3,Parceiro A,248,$15.511,$10.717,$141.012,"69,09%",$569,60%,$4.794,,,DADOS,VENDA TOTAL POR GRUPO,TOTAL DE USUÁRIOS,TICKET MÉDIO,MÉDIA DE VENDA MENSAL,MÉDIA DE USUÁRIOS MENSAIS,LUCRO TOTAL,MÉDIA % DE CASH BACK
janeiro,2011-01-01,Grupo 3,Parceiro A,145,$8.137,$5.871,$73.975,"72,15%",$510,,$2.266,,,GRUPO 1,"R$ 5.469.000,00","9.633,00","R$ 586,00",R$ 1.823.000,3.211,,"35,90%"
janeiro,2011-01-02,Grupo 1,Parceiro A,196,$10.273,$3.267,$93.390,"31,80%",$476,,$7.006,,,GRUPO 2,"R$ 6.333.000,00","10.814,00","R$ 595,00",R$ 2.111.000,3.605,"R$ 352.143,00","49,70%"
janeiro,2011-01-02,Grupo 3,Parceiro A,153,$11.038,$8.027,$100.341,"72,73%",$656,,$3.010,,,GRUPO 3,"R$ 6.700.000,00","11.410,00","R$ 594,00",R$ 2.233.333,3.803,"R$ 259.560,00","60,00%"
janeiro,2011-01-02,Grupo 1,Parceiro A,115,$7.555,$2.060,$68.682,"27,27%",$597,,$5.495,,,,,,"0,4","0,9","0,9","0,1",1
janeiro,2011-01-03,Grupo 3,Parceiro A,185,$12.225,$8.869,$111.136,"72,54%",$601,,$3.356,,,,,,,,,,
janeiro,2011-01-03,Grupo 2,Parceiro A,118,$7.338,$3.669,$66.707,"50,00%",$565,,$3.669,,,,,,,,,,
janeiro,2011-01-03,Grupo 3,Parceiro A,219,$13.204,$9.576,$120.033,"72,53%",$548,,$3.627,,,,,,,,,,
janeiro,2011-01-04,Grupo 2,Parceiro A,127,$7.750,$3.875,$70.457,"50,00%",$555,,$3.875,,,,,,,,,,
janeiro,2011-01-04,Grupo 2,Parceiro A,181,$10.628,$5.331,$96.620,"50,16%",$534,,$5.297,,,,,,,,,,
janeiro,2011-01-04,Grupo 1,Parceiro A,82,$4.839,$1.358,$43.993,"28,06%",$537,,$3.481,,,,,,,,,,
janeiro,2011-01-05,Grupo 2,Parceiro A,230,$14.247,$7.123,$129.517,"50,00%",$563,,$7.123,,,,,,,,,,
janeiro,2011-01-05,Grupo 3,Parceiro A,227,$12.920,$9.364,$117.458,"72,47%",$517,,$3.557,,,,,,,,,,
janeiro,2011-01-05,Grupo 2,Parceiro A,202,$13.671,$6.816,$124.278,"49,86%",$615,,$6.854,,,,,,,,,,
janeiro,2011-01-06,Grupo 3,Parceiro A,216,$13.128,$9.530,$119.346,"72,60%",$553,,$3.598,,,,,,,,,,
janeiro,2011-01-06,Grupo 3,Parceiro A,288,$21.293,$15.474,$193.571,"72,67%",$672,,$5.819,,,,,,,,,,
janeiro,2011-01-06,Grupo 3,Parceiro A,134,$7.920,$5.729,$72.000,"72,33%",$537,,$2.191,,,,,,,,,,
janeiro,2011-01-07,Grupo 2,Parceiro A,211,$13.997,$6.998,$127.242,"50,00%",$603,,$6.998,,,,,,,,,,
janeiro,2011-01-07,Grupo 1,Parceiro A,172,$10.419,$2.907,$94.722,"27,90%",$551,,$7.512,,,,,,,,,,
janeiro,2011-01-07,Grupo 2,Parceiro A,276,$16.156,$8.078,$146.874,"50,00%",$532,,$8.078,,,,,,,,,,
janeiro,2011-01-08,Grupo 2,Parceiro A,130,$7.056,$3.528,$64.141,"50,00%",$493,,$3.528,,,,,,,,,,
janeiro,2011-01-08,Grupo 2,Parceiro A,136,$8.078,$4.039,$73.439,"50,00%",$540,,$4.039,,,,,,,,,,
janeiro,2011-01-08,Grupo 3,Parceiro A,193,$12.562,$9.127,$114.203,"72,65%",$592,,$3.436,,,,,,,,,,
janeiro,2011-01-09,Grupo 2,Parceiro A,275,$14.616,$7.292,$132.871,"49,89%",$483,,$7.324,,,,,,,,,,
janeiro,2011-01-09,Grupo 1,Parceiro A,187,$11.305,$3.138,$102.768,"27,76%",$550,,$8.167,,,,,,,,,,
janeiro,2011-01-09,Grupo 3,Parceiro A,278,$17.665,$12.820,$160.590,"72,57%",$578,,$4.845,,,,,,,,,,
janeiro,2011-01-10,Grupo 3,Parceiro A,259,$16.669,$12.123,$151.533,"72,73%",$585,,$4.546,,,,,,,,,,
janeiro,2011-01-10,Grupo 2,Parceiro A,207,$11.868,$5.934,$107.889,"50,00%",$521,,$5.934,,,,,,,,,,
janeiro,2011-01-10,Grupo 3,Parceiro A,353,$25.131,$18.219,$228.467,"72,50%",$647,,$6.912,,,,,,,,,,
janeiro,2011-01-11,Grupo 3,Parceiro A,274,$20.021,$14.521,$182.005,"72,53%",$664,,$5.499,,,,,,,,,,
janeiro,2011-01-11,Grupo 1,Parceiro A,191,$11.202,$3.068,$101.838,"27,39%",$533,,$8.134,,,,,,,,,,
janeiro,2011-01-11,Grupo 2,Parceiro A,354,$25.405,$12.702,$230.953,"50,00%",$652,,$12.702,,,,,,,,,,
janeiro,2011-01-12,Grupo 3,Parceiro A,152,$9.118,$6.614,$82.891,"72,54%",$545,,$2.504,,,,,,,,,,
janeiro,2011-01-12,Grupo 2,Parceiro A,235,$16.395,$8.197,$149.045,"50,00%",$634,,$8.197,,,,,,,,,,
janeiro,2011-01-12,Grupo 1,Parceiro A,174,$10.730,$2.954,$97.541,"27,53%",$561,,$7.776,,,,,,,,,,
janeiro,2011-01-13,Grupo 3,Parceiro A,108,$7.770,$5.637,$70.639,"72,55%",$654,,$2.133,,,,,,,,,,
janeiro,2011-01-13,Grupo 2,Parceiro A,138,$9.778,$4.889,$88.895,"50,00%",$644,,$4.889,,,,,,,,,,
janeiro,2011-01-13,Grupo 3,Parceiro A,109,$7.220,$5.251,$65.637,"72,73%",$602,,$1.969,,,,,,,,,,
janeiro,2011-01-14,Grupo 1,Parceiro A,252,$14.455,$4.007,$131.409,"27,72%",$521,,$10.448,,,,,,,,,,
janeiro,2011-01-14,Grupo 2,Parceiro A,89,$6.010,$3.021,$54.633,"50,26%",$614,,$2.989,,,,,,,,,,
janeiro,2011-01-14,Grupo 2,Parceiro A,92,$8.287,$4.144,$75.341,"50,00%",$819,,$4.144,,,,,,,,,,
janeiro,2011-01-15,Grupo 3,Parceiro A,221,$14.786,$10.738,$134.417,"72,63%",$608,,$4.047,,,,,,,,,,
janeiro,2011-01-15,Grupo 3,Parceiro A,190,$13.322,$9.680,$121.113,"72,66%",$637,,$3.642,,,,,,,,,,
janeiro,2011-01-15,Grupo 3,Parceiro A,238,$13.329,$9.592,$121.175,"71,96%",$509,,$3.737,,,,,,,,,,
janeiro,2011-01-16,Grupo 3,Parceiro A,147,$8.536,$6.168,$77.599,"72,26%",$528,,$2.368,,,,,,,,,,
janeiro,2011-01-16,Grupo 3,Parceiro A,103,$7.696,$5.597,$69.964,"72,73%",$679,,$2.099,,,,,,,,,,
janeiro,2011-01-16,Grupo 3,Parceiro A,90,$7.292,$5.270,$66.291,"72,28%",$737,,$2.022,,,,,,,,,,
janeiro,2011-01-17,Grupo 1,Parceiro A,98,$5.350,$1.478,$48.640,"27,62%",$496,,$3.872,,,,,,,,,,
janeiro,2011-01-17,Grupo 1,Parceiro A,127,$7.120,$1.942,$64.726,"27,27%",$510,,$5.178,,,,,,,,,,
janeiro,2011-01-17,Grupo 2,Parceiro A,204,$15.579,$7.789,$141.624,"50,00%",$694,,$7.789,,,,,,,,,,
janeiro,2011-01-18,Grupo 3,Parceiro A,76,$5.706,$4.133,$51.876,"72,44%",$683,,$1.573,,,,,,,,,,
janeiro,2011-01-18,Grupo 3,Parceiro A,141,$7.360,$5.322,$66.912,"72,30%",$475,,$2.039,,,,,,,,,,
janeiro,2011-01-18,Grupo 3,Parceiro A,255,$15.188,$11.046,$138.071,"72,73%",$541,,$4.142,,,,,,,,,,
janeiro,2011-01-19,Grupo 2,Parceiro A,205,$14.421,$7.219,$131.103,"50,06%",$640,,$7.203,,,,,,,,,,
janeiro,2011-01-19,Grupo 1,Parceiro A,257,$13.075,$3.576,$118.866,"27,35%",$463,,$9.499,,,,,,,,,,
janeiro,2011-01-19,Grupo 2,Parceiro A,210,$12.450,$6.225,$113.178,"50,00%",$539,,$6.225,,,,,,,,,,
janeiro,2011-01-20,Grupo 1,Parceiro A,175,$9.662,$2.656,$87.836,"27,48%",$502,,$7.007,,,,,,,,,,
janeiro,2011-01-20,Grupo 1,Parceiro A,289,$20.450,$5.665,$185.913,"27,70%",$643,,$14.786,,,,,,,,,,
janeiro,2011-01-20,Grupo 1,Parceiro A,233,$18.464,$5.036,$167.857,"27,27%",$720,,$13.429,,,,,,,,,,
janeiro,2011-01-21,Grupo 2,Parceiro A,114,$7.099,$3.550,$64.540,"50,00%",$566,,$3.550,,,,,,,,,,
janeiro,2011-01-21,Grupo 1,Parceiro A,118,$8.353,$2.312,$75.938,"27,67%",$644,,$6.041,,,,,,,,,,
janeiro,2011-01-21,Grupo 1,Parceiro A,85,$6.132,$1.681,$55.746,"27,41%",$656,,$4.451,,,,,,,,,,
janeiro,2011-01-22,Grupo 2,Parceiro A,107,$7.588,$3.794,$68.983,"50,00%",$645,,$3.794,,,,,,,,,,
janeiro,2011-01-22,Grupo 1,Parceiro A,88,$6.312,$1.728,$57.385,"27,37%",$652,,$4.585,,,,,,,,,,
janeiro,2011-01-22,Grupo 2,Parceiro A,66,$3.837,$1.919,$34.882,"50,00%",$529,,$1.919,,,,,,,,,,
janeiro,2011-01-23,Grupo 3,Parceiro A,170,$11.416,$8.297,$103.777,"72,68%",$610,,$3.119,,,,,,,,,,
janeiro,2011-01-23,Grupo 1,Parceiro A,162,$10.043,$2.746,$91.304,"27,35%",$564,,$7.297,,,,,,,,,,
janeiro,2011-01-23,Grupo 3,Parceiro A,119,$8.470,$6.155,$77.000,"72,66%",$647,,$2.315,,,,,,,,,,
janeiro,2011-01-24,Grupo 2,Parceiro A,81,$7.065,$3.532,$64.224,"50,00%",$793,,$3.532,,,,,,,,,,
janeiro,2011-01-24,Grupo 2,Parceiro A,132,$8.547,$4.273,$77.696,"50,00%",$589,,$4.273,,,,,,,,,,
janeiro,2011-01-24,Grupo 3,Parceiro A,80,$5.620,$4.087,$51.091,"72,73%",$639,,$1.533,,,,,,,,,,
janeiro,2011-01-25,Grupo 1,Parceiro A,174,$9.132,$2.491,$83.020,"27,27%",$477,,$6.642,,,,,,,,,,
janeiro,2011-01-25,Grupo 2,Parceiro A,233,$13.236,$6.618,$120.327,"50,00%",$516,,$6.618,,,,,,,,,,
janeiro,2011-01-25,Grupo 3,Parceiro A,72,$4.394,$3.196,$39.946,"72,73%",$555,,$1.198,,,,,,,,,,
janeiro,2011-01-26,Grupo 3,Parceiro A,61,$3.719,$2.705,$33.810,"72,73%",$554,,$1.014,,,,,,,,,,
janeiro,2011-01-26,Grupo 3,Parceiro A,66,$5.294,$3.850,$48.126,"72,73%",$729,,$1.444,,,,,,,,,,
janeiro,2011-01-26,Grupo 1,Parceiro A,201,$12.112,$3.303,$110.110,"27,27%",$548,,$8.809,,,,,,,,,,
janeiro,2011-01-27,Grupo 2,Parceiro A,123,$8.956,$4.478,$81.418,"50,00%",$662,,$4.478,,,,,,,,,,
janeiro,2011-01-27,Grupo 1,Parceiro A,94,$5.766,$1.587,$52.418,"27,52%",$558,,$4.179,,,,,,,,,,
janeiro,2011-01-27,Grupo 3,Parceiro A,81,$5.847,$4.202,$53.158,"71,87%",$656,,$1.645,,,,,,,,,,
janeiro,2011-01-28,Grupo 2,Parceiro A,95,$6.168,$3.084,$56.077,"50,00%",$590,,$3.084,,,,,,,,,,
janeiro,2011-01-28,Grupo 2,Parceiro A,83,$5.856,$2.928,$53.236,"50,00%",$641,,$2.928,,,,,,,,,,
janeiro,2011-01-28,Grupo 3,Parceiro A,105,$9.316,$6.768,$84.694,"72,65%",$807,,$2.548,,,,,,,,,,
janeiro,2011-01-29,Grupo 2,Parceiro A,55,$4.447,$2.223,$40.423,"50,00%",$735,,$2.223,,,,,,,,,,
janeiro,2011-01-29,Grupo 3,Parceiro A,120,$11.046,$8.019,$100.423,"72,59%",$837,,$3.028,,,,,,,,,,
janeiro,2011-01-29,Grupo 2,Parceiro A,59,$4.168,$2.084,$37.887,"50,00%",$642,,$2.084,,,,,,,,,,
janeiro,2011-01-30,Grupo 3,Parceiro A,104,$7.193,$5.222,$65.391,"72,60%",$629,,$1.971,,,,,,,,,,
janeiro,2011-01-30,Grupo 3,Parceiro A,83,$5.632,$4.084,$51.203,"72,52%",$617,,$1.548,,,,,,,,,,
janeiro,2011-01-30,Grupo 1,Parceiro A,70,$4.738,$1.313,$43.075,"27,72%",$615,,$3.425,,,,,,,,,,
janeiro,2011-01-31,Grupo 2,Parceiro A,61,$4.580,$2.290,$41.635,"50,00%",$683,,$2.290,,,,,,,,,,
janeiro,2011-01-31,Grupo 3,Parceiro A,112,$6.976,$5.074,$63.422,"72,73%",$566,,$1.903,,,,,,,,,,
janeiro,2011-01-31,Grupo 2,Parceiro A,68,$5.453,$2.727,$49.576,"50,00%",$729,,$2.727,,,,,,,,,,
fevereiro,2011-02-01,Grupo 3,Parceiro A,118,$7.967,$5.777,$72.426,"72,51%",$614,35%,$2.190,,,,,,,,,,
fevereiro,2011-02-01,Grupo 1,Parceiro A,48,$3.529,$998,$32.085,"28,27%",$668,,$2.532,,,,,,,,,,
fevereiro,2011-02-01,Grupo 3,Parceiro A,108,$6.742,$4.903,$61.287,"72,73%",$567,,$1.839,,,,,,,,,,
fevereiro,2011-02-02,Grupo 1,Parceiro A,73,$4.593,$1.253,$41.756,"27,27%",$572,,$3.341,,,,,,,,,,
fevereiro,2011-02-02,Grupo 2,Parceiro A,103,$8.959,$4.479,$81.441,"50,00%",$791,,$4.479,,,,,,,,,,
fevereiro,2011-02-02,Grupo 1,Parceiro A,108,$6.353,$1.778,$57.752,"27,98%",$535,,$4.575,,,,,,,,,,
fevereiro,2011-02-03,Grupo 2,Parceiro A,115,$8.113,$4.080,$73.753,"50,29%",$641,,$4.033,,,,,,,,,,
fevereiro,2011-02-03,Grupo 1,Parceiro A,176,$10.108,$2.778,$91.893,"27,48%",$522,,$7.330,,,,,,,,,,
fevereiro,2011-02-03,Grupo 2,Parceiro A,86,$5.276,$2.658,$47.965,"50,37%",$558,,$2.618,,,,,,,,,,
fevereiro,2011-02-04,Grupo 1,Parceiro A,120,$8.814,$2.413,$80.130,"27,37%",$668,,$6.402,,,,,,,,,,
fevereiro,2011-02-04,Grupo 3,Parceiro A,160,$11.458,$8.333,$104.162,"72,73%",$651,,$3.125,,,,,,,,,,
fevereiro,2011-02-04,Grupo 1,Parceiro A,101,$6.100,$1.664,$55.458,"27,27%",$549,,$4.437,,,,,,,,,,
fevereiro,2011-02-05,Grupo 2,Parceiro A,88,$5.550,$2.775,$50.458,"50,00%",$573,,$2.775,,,,,,,,,,
fevereiro,2011-02-05,Grupo 3,Parceiro A,184,$11.388,$8.282,$103.526,"72,73%",$563,,$3.106,,,,,,,,,,
fevereiro,2011-02-05,Grupo 1,Parceiro A,80,$5.943,$1.621,$54.031,"27,27%",$675,,$4.322,,,,,,,,,,
fevereiro,2011-02-06,Grupo 1,Parceiro A,39,$2.420,$660,$21.996,"27,27%",$564,,$1.760,,,,,,,,,,
fevereiro,2011-02-06,Grupo 3,Parceiro A,154,$8.889,$6.435,$80.810,"72,39%",$525,,$2.454,,,,,,,,,,
fevereiro,2011-02-06,Grupo 3,Parceiro A,89,$6.374,$4.635,$57.943,"72,73%",$651,,$1.738,,,,,,,,,,
fevereiro,2011-02-07,Grupo 3,Parceiro A,111,$7.886,$5.667,$71.688,"71,86%",$646,,$2.219,,,,,,,,,,
fevereiro,2011-02-07,Grupo 3,Parceiro A,120,$8.076,$5.859,$73.416,"72,55%",$612,,$2.217,,,,,,,,,,
fevereiro,2011-02-07,Grupo 1,Parceiro A,35,$2.071,$565,$18.831,"27,27%",$538,,$1.507,,,,,,,,,,
fevereiro,2011-02-08,Grupo 1,Parceiro A,50,$3.395,$926,$30.867,"27,27%",$617,,$2.469,,,,,,,,,,
fevereiro,2011-02-08,Grupo 1,Parceiro A,57,$3.660,$998,$33.275,"27,27%",$584,,$2.662,,,,,,,,,,
fevereiro,2011-02-08,Grupo 2,Parceiro A,94,$6.479,$3.240,$58.900,"50,00%",$627,,$3.240,,,,,,,,,,
fevereiro,2011-02-09,Grupo 2,Parceiro A,97,$7.105,$3.552,$64.590,"50,00%",$666,,$3.552,,,,,,,,,,
fevereiro,2011-02-09,Grupo 2,Parceiro A,138,$7.774,$3.887,$70.671,"50,00%",$512,,$3.887,,,,,,,,,,
fevereiro,2011-02-09,Grupo 2,Parceiro A,134,$9.499,$4.750,$86.358,"50,00%",$644,,$4.750,,,,,,,,,,
fevereiro,2011-02-10,Grupo 2,Parceiro A,160,$10.149,$5.074,$92.264,"50,00%",$577,,$5.074,,,,,,,,,,
fevereiro,2011-02-10,Grupo 1,Parceiro A,73,$4.673,$1.274,$42.482,"27,27%",$582,,$3.399,,,,,,,,,,
fevereiro,2011-02-10,Grupo 1,Parceiro A,91,$5.876,$1.628,$53.416,"27,71%",$587,,$4.247,,,,,,,,,,
fevereiro,2011-02-11,Grupo 2,Parceiro A,142,$7.553,$3.776,$68.662,"50,00%",$484,,$3.776,,,,,,,,,,
fevereiro,2011-02-11,Grupo 3,Parceiro A,157,$11.374,$8.272,$103.396,"72,73%",$659,,$3.102,,,,,,,,,,
fevereiro,2011-02-11,Grupo 1,Parceiro A,93,$6.730,$1.835,$61.178,"27,27%",$658,,$4.894,,,,,,,,,,
fevereiro,2011-02-12,Grupo 1,Parceiro A,76,$5.077,$1.401,$46.156,"27,60%",$607,,$3.676,,,,,,,,,,
fevereiro,2011-02-12,Grupo 3,Parceiro A,152,$11.447,$8.325,$104.064,"72,73%",$685,,$3.122,,,,,,,,,,
fevereiro,2011-02-12,Grupo 2,Parceiro A,81,$5.341,$2.671,$48.555,"50,00%",$599,,$2.671,,,,,,,,,,
fevereiro,2011-02-13,Grupo 3,Parceiro A,101,$7.228,$5.237,$65.467,"72,46%",$648,,$1.990,,,,,,,,,,
fevereiro,2011-02-13,Grupo 1,Parceiro A,80,$5.623,$1.533,$51.116,"27,27%",$639,,$4.089,,,,,,,,,,
fevereiro,2011-02-13,Grupo 1,Parceiro A,104,$7.132,$1.962,$64.832,"27,51%",$623,,$5.169,,,,,,,,,,
fevereiro,2011-02-14,Grupo 2,Parceiro A,101,$5.548,$2.774,$50.433,"50,00%",$499,,$2.774,,,,,,,,,,
fevereiro,2011-02-14,Grupo 3,Parceiro A,103,$7.161,$5.208,$65.100,"72,73%",$632,,$1.953,,,,,,,,,,
fevereiro,2011-02-14,Grupo 2,Parceiro A,152,$10.829,$5.415,$98.450,"50,00%",$648,,$5.415,,,,,,,,,,
fevereiro,2011-02-15,Grupo 3,Parceiro A,66,$4.970,$3.614,$45.180,"72,73%",$685,,$1.355,,,,,,,,,,
fevereiro,2011-02-15,Grupo 2,Parceiro A,155,$16.532,$8.266,$150.288,"50,00%",$970,,$8.266,,,,,,,,,,
fevereiro,2011-02-15,Grupo 2,Parceiro A,106,$7.082,$3.541,$64.379,"50,00%",$607,,$3.541,,,,,,,,,,
fevereiro,2011-02-16,Grupo 3,Parceiro A,106,$6.871,$4.983,$62.468,"72,51%",$589,,$1.889,,,,,,,,,,
fevereiro,2011-02-16,Grupo 3,Parceiro A,96,$7.725,$5.618,$70.230,"72,73%",$732,,$2.107,,,,,,,,,,
fevereiro,2011-02-16,Grupo 1,Parceiro A,104,$7.377,$2.012,$67.065,"27,27%",$645,,$5.365,,,,,,,,,,
fevereiro,2011-02-17,Grupo 1,Parceiro A,97,$5.374,$1.466,$48.850,"27,27%",$504,,$3.908,,,,,,,,,,
fevereiro,2011-02-17,Grupo 1,Parceiro A,123,$6.930,$1.926,$63.001,"27,79%",$512,,$5.004,,,,,,,,,,
fevereiro,2011-02-17,Grupo 2,Parceiro A,104,$8.051,$3.989,$73.186,"49,55%",$704,,$4.061,,,,,,,,,,
fevereiro,2011-02-18,Grupo 2,Parceiro A,104,$7.415,$3.707,$67.408,"50,00%",$648,,$3.707,,,,,,,,,,
fevereiro,2011-02-18,Grupo 1,Parceiro A,135,$7.290,$1.998,$66.273,"27,41%",$491,,$5.292,,,,,,,,,,
fevereiro,2011-02-18,Grupo 1,Parceiro A,45,$2.936,$801,$26.690,"27,27%",$593,,$2.135,,,,,,,,,,
fevereiro,2011-02-19,Grupo 3,Parceiro A,89,$6.380,$3.884,$58.004,"60,87%",$652,,$2.497,,,,,,,,,,
fevereiro,2011-02-19,Grupo 2,Parceiro A,99,$6.836,$3.418,$62.150,"50,00%",$628,,$3.418,,,,,,,,,,
fevereiro,2011-02-19,Grupo 1,Parceiro A,83,$7.017,$1.914,$63.790,"27,27%",$769,,$5.103,,,,,,,,,,
fevereiro,2011-02-20,Grupo 3,Parceiro A,60,$3.177,$1.196,$28.881,"37,63%",$481,,$1.981,,,,,,,,,,
fevereiro,2011-02-20,Grupo 1,Parceiro A,123,$8.200,$2.236,$74.548,"27,27%",$606,,$5.964,,,,,,,,,,
fevereiro,2011-02-20,Grupo 1,Parceiro A,111,$7.466,$2.040,$67.877,"27,32%",$612,,$5.427,,,,,,,,,,
fevereiro,2011-02-21,Grupo 3,Parceiro A,59,$2.954,$1.079,$26.856,"36,54%",$455,,$1.875,,,,,,,,,,
fevereiro,2011-02-21,Grupo 2,Parceiro A,92,$6.035,$3.017,$54.862,"50,00%",$596,,$3.017,,,,,,,,,,
fevereiro,2011-02-21,Grupo 2,Parceiro A,97,$7.934,$3.967,$72.128,"50,00%",$744,,$3.967,,,,,,,,,,
fevereiro,2011-02-22,Grupo 2,Parceiro A,106,$6.537,$3.269,$59.428,"50,00%",$561,,$3.269,,,,,,,,,,
fevereiro,2011-02-22,Grupo 3,Parceiro A,59,$2.611,$1.008,$23.737,"38,59%",$402,,$1.604,,,,,,,,,,
fevereiro,2011-02-22,Grupo 3,Parceiro A,63,$5.959,$2.171,$54.171,"36,43%",$860,,$3.788,,,,,,,,,,
fevereiro,2011-02-23,Grupo 1,Parceiro A,99,$6.098,$1.663,$55.434,"27,27%",$560,,$4.435,,,,,,,,,,
fevereiro,2011-02-23,Grupo 1,Parceiro A,94,$7.339,$2.023,$66.715,"27,56%",$710,,$5.316,,,,,,,,,,
fevereiro,2011-02-23,Grupo 2,Parceiro A,65,$4.227,$2.113,$38.425,"50,00%",$591,,$2.113,,,,,,,,,,
fevereiro,2011-02-24,Grupo 1,Parceiro A,82,$5.331,$1.454,$48.465,"27,27%",$591,,$3.877,,,,,,,,,,
fevereiro,2011-02-24,Grupo 2,Parceiro A,78,$4.912,$2.456,$44.658,"50,00%",$573,,$2.456,,,,,,,,,,
fevereiro,2011-02-24,Grupo 3,Parceiro A,69,$3.712,$1.350,$33.743,"36,36%",$489,,$2.362,,,,,,,,,,
fevereiro,2011-02-25,Grupo 3,Parceiro A,56,$2.985,$1.091,$27.133,"36,54%",$485,,$1.894,,,,,,,,,,
fevereiro,2011-02-25,Grupo 2,Parceiro A,85,$4.138,$2.066,$37.619,"49,92%",$443,,$2.072,,,,,,,,,,
fevereiro,2011-02-25,Grupo 1,Parceiro A,62,$4.090,$1.116,$37.185,"27,27%",$600,,$2.975,,,,,,,,,,
fevereiro,2011-02-26,Grupo 3,Parceiro A,73,$3.192,$1.178,$29.014,"36,91%",$397,,$2.014,,,,,,,,,,
fevereiro,2011-02-26,Grupo 3,Parceiro A,92,$4.476,$1.636,$40.695,"36,54%",$442,,$2.841,,,,,,,,,,
fevereiro,2011-02-26,Grupo 2,Parceiro A,49,$2.309,$1.155,$20.995,"50,00%",$428,,$1.155,,,,,,,,,,
fevereiro,2011-02-27,Grupo 3,Parceiro A,75,$3.924,$1.427,$35.669,"36,36%",$476,,$2.497,,,,,,,,,,
fevereiro,2011-02-27,Grupo 1,Parceiro A,73,$5.459,$1.497,$49.624,"27,43%",$680,,$3.961,,,,,,,,,,
fevereiro,2011-02-27,Grupo 3,Parceiro A,57,$3.842,$1.412,$34.932,"36,75%",$613,,$2.430,,,,,,,,,,
fevereiro,2011-02-28,Grupo 3,Parceiro A,41,$2.195,$804,$19.950,"36,62%",$487,,$1.391,,,,,,,,,,
fevereiro,2011-02-28,Grupo 2,Parceiro A,86,$6.988,$3.494,$63.527,"50,00%",$739,,$3.494,,,,,,,,,,
fevereiro,2011-02-28,Grupo 2,Parceiro A,71,$2.976,$1.488,$27.050,"50,00%",$381,,$1.488,,,,,,,,,,
março,2011-03-01,Grupo 1,Parceiro A,90,$6.196,$1.711,$56.330,"27,61%",$626,,$4.486,,,,,,,,,,
março,2011-03-01,Grupo 2,Parceiro A,65,$3.335,$1.668,$30.322,"50,00%",$466,,$1.668,,,,,,,,,,
março,2011-03-01,Grupo 1,Parceiro A,103,$7.682,$3.521,$69.836,"45,83%",$678,,$4.161,,,,,,,,,,
março,2011-03-02,Grupo 1,Parceiro A,53,$3.934,$1.784,$35.763,"45,35%",$675,,$2.150,,,,,,,,,,
março,2011-03-02,Grupo 2,Parceiro A,63,$3.578,$1.789,$32.529,"50,00%",$516,,$1.789,,,,,,,,,,
março,2011-03-02,Grupo 1,Parceiro A,51,$3.085,$1.402,$28.049,"45,45%",$550,,$1.683,,,,,,,,,,
março,2011-03-03,Grupo 1,Parceiro A,60,$2.795,$1.273,$25.413,"45,55%",$424,,$1.522,,,,,,,,,,
março,2011-03-03,Grupo 3,Parceiro A,42,$2.612,$950,$23.744,"36,36%",$565,35%,$1.662,,,,,,,,,,
março,2011-03-03,Grupo 2,Parceiro A,59,$3.162,$1.581,$28.750,"50,00%",$487,,$1.581,,,,,,,,,,
março,2011-03-04,Grupo 2,Parceiro A,66,$3.499,$1.745,$31.810,"49,87%",$482,,$1.754,,,,,,,,,,
março,2011-03-04,Grupo 2,Parceiro A,45,$4.199,$2.100,$38.175,"50,00%",$848,,$2.100,,,,,,,,,,
março,2011-03-04,Grupo 2,Parceiro A,46,$3.581,$1.791,$32.558,"50,00%",$708,,$1.791,,,,,,,,,,
março,2011-03-05,Grupo 1,Parceiro A,65,$2.803,$1.272,$25.485,"45,38%",$392,,$1.531,,,,,,,,,,
março,2011-03-05,Grupo 1,Parceiro A,87,$5.855,$2.661,$53.229,"45,45%",$612,,$3.194,,,,,,,,,,
março,2011-03-05,Grupo 1,Parceiro A,68,$4.123,$1.874,$37.483,"45,45%",$551,,$2.249,,,,,,,,,,
março,2011-03-06,Grupo 3,Parceiro A,54,$3.742,$1.361,$34.023,"36,36%",$630,,$2.382,,,,,,,,,,
março,2011-03-06,Grupo 1,Parceiro A,90,$4.765,$2.166,$43.322,"45,45%",$481,,$2.599,,,,,,,,,,
março,2011-03-06,Grupo 1,Parceiro A,72,$3.725,$1.697,$33.862,"45,55%",$470,,$2.028,,,,,,,,,,
março,2011-03-07,Grupo 2,Parceiro A,69,$4.288,$2.144,$38.978,"50,00%",$565,,$2.144,,,,,,,,,,
março,2011-03-07,Grupo 3,Parceiro A,76,$3.885,$1.413,$35.315,"36,36%",$465,,$2.472,,,,,,,,,,
março,2011-03-07,Grupo 1,Parceiro A,59,$2.739,$1.245,$24.904,"45,46%",$422,,$1.494,,,,,,,,,,
março,2011-03-08,Grupo 2,Parceiro A,70,$3.975,$1.988,$36.140,"50,00%",$516,,$1.988,,,,,,,,,,
março,2011-03-08,Grupo 1,Parceiro A,69,$4.121,$1.873,$37.465,"45,45%",$543,,$2.248,,,,,,,,,,
março,2011-03-08,Grupo 2,Parceiro A,104,$5.767,$2.883,$52.426,"50,00%",$504,,$2.883,,,,,,,,,,
março,2011-03-09,Grupo 1,Parceiro A,62,$3.827,$1.740,$34.791,"45,45%",$561,,$2.087,,,,,,,,,,
março,2011-03-09,Grupo 1,Parceiro A,37,$2.733,$1.242,$24.848,"45,45%",$672,,$1.491,,,,,,,,,,
março,2011-03-09,Grupo 2,Parceiro A,211,$18.066,$11.627,$116.514,"64,36%",$552,,$6.438,,,,,,,,,,
março,2011-03-10,Grupo 3,Parceiro A,91,$6.067,$2.222,$55.155,"36,63%",$606,,$3.845,,,,,,,,,,
março,2011-03-10,Grupo 1,Parceiro A,54,$3.163,$1.438,$28.755,"45,45%",$532,,$1.725,,,,,,,,,,
março,2011-03-10,Grupo 2,Parceiro A,247,$23.893,$15.415,$154.149,"64,52%",$624,,$8.478,,,,,,,,,,
março,2011-03-11,Grupo 2,Parceiro A,181,$15.731,$10.149,$101.489,"64,52%",$561,,$5.582,,,,,,,,,,
março,2011-03-11,Grupo 3,Parceiro A,236,$22.342,$14.042,$144.144,"62,85%",$611,,$8.300,,,,,,,,,,
março,2011-03-11,Grupo 2,Parceiro A,180,$16.822,$10.815,$108.532,"64,29%",$603,,$6.007,,,,,,,,,,
março,2011-03-12,Grupo 3,Parceiro A,238,$19.570,$12.624,$126.236,"64,50%",$530,,$6.947,,,,,,,,,,
março,2011-03-12,Grupo 3,Parceiro A,186,$16.270,$10.497,$104.965,"64,52%",$564,,$5.773,,,,,,,,,,
março,2011-03-12,Grupo 2,Parceiro A,107,$5.851,$2.691,$53.192,"45,99%",$497,,$3.160,,,,,,,,,,
março,2011-03-13,Grupo 3,Parceiro A,175,$15.580,$10.052,$100.518,"64,52%",$574,,$5.528,,,,,,,,,,
março,2011-03-13,Grupo 2,Parceiro A,105,$6.427,$2.930,$58.431,"45,59%",$556,,$3.497,,,,,,,,,,
março,2011-03-13,Grupo 3,Parceiro A,139,$8.545,$3.979,$77.680,"46,56%",$559,,$4.566,,,,,,,,,,
março,2011-03-14,Grupo 2,Parceiro A,81,$4.651,$2.114,$42.282,"45,45%",$522,,$2.537,,,,,,,,,,
março,2011-03-14,Grupo 2,Parceiro A,95,$6.003,$2.729,$54.576,"45,45%",$574,,$3.275,,,,,,,,,,
março,2011-03-14,Grupo 2,Parceiro A,93,$6.433,$2.945,$58.485,"45,77%",$629,,$3.489,,,,,,,,,,
março,2011-03-15,Grupo 2,Parceiro A,65,$4.831,$2.196,$43.917,"45,45%",$676,,$2.635,,,,,,,,,,
março,2011-03-15,Grupo 1,Parceiro A,78,$5.093,$2.316,$46.303,"45,47%",$594,,$2.778,,,,,,,,,,
março,2011-03-15,Grupo 1,Parceiro A,108,$6.209,$2.822,$56.449,"45,45%",$523,,$3.387,,,,,,,,,,
março,2011-03-16,Grupo 1,Parceiro A,196,$17.914,$11.535,$115.574,"64,39%",$590,,$6.379,,,,,,,,,,
março,2011-03-16,Grupo 1,Parceiro A,216,$18.911,$12.174,$122.008,"64,38%",$565,,$6.737,,,,,,,,,,
março,2011-03-16,Grupo 2,Parceiro A,73,$3.623,$1.658,$32.940,"45,76%",$451,,$1.965,,,,,,,,,,
março,2011-03-17,Grupo 1,Parceiro A,161,$14.469,$9.331,$93.312,"64,49%",$580,,$5.138,,,,,,,,,,
março,2011-03-17,Grupo 3,Parceiro A,94,$6.484,$2.944,$58.948,"45,41%",$627,,$3.540,,,,,,,,,,
março,2011-03-17,Grupo 3,Parceiro A,89,$5.763,$2.619,$52.388,"45,45%",$589,,$3.143,,,,,,,,,,
março,2011-03-18,Grupo 3,Parceiro A,106,$5.946,$2.729,$54.055,"45,89%",$510,,$3.217,,,,,,,,,,
março,2011-03-18,Grupo 3,Parceiro A,69,$4.260,$1.937,$38.731,"45,45%",$561,,$2.324,,,,,,,,,,
março,2011-03-18,Grupo 2,Parceiro A,86,$5.265,$2.389,$47.860,"45,38%",$557,,$2.876,,,,,,,,,,
março,2011-03-19,Grupo 1,Parceiro A,185,$22.995,$14.836,$148.355,"64,52%",$802,,$8.160,,,,,,,,,,
março,2011-03-19,Grupo 1,Parceiro A,124,$7.791,$3.637,$70.827,"46,68%",$571,,$4.154,,,,,,,,,,
março,2011-03-19,Grupo 3,Parceiro A,68,$3.769,$1.801,$34.263,"47,79%",$504,,$1.968,,,,,,,,,,
março,2011-03-20,Grupo 3,Parceiro A,80,$6.443,$2.928,$58.570,"45,45%",$732,,$3.514,,,,,,,,,,
março,2011-03-20,Grupo 3,Parceiro A,91,$4.911,$2.232,$44.645,"45,45%",$491,,$2.679,,,,,,,,,,
março,2011-03-20,Grupo 1,Parceiro A,93,$7.012,$3.200,$63.743,"45,63%",$685,,$3.812,,,,,,,,,,
março,2011-03-21,Grupo 3,Parceiro A,87,$6.121,$2.782,$55.650,"45,45%",$640,,$3.339,,,,,,,,,,
março,2011-03-21,Grupo 3,Parceiro A,99,$6.172,$2.805,$56.110,"45,45%",$567,,$3.367,,,,,,,,,,
março,2011-03-21,Grupo 1,Parceiro A,68,$3.657,$1.662,$33.246,"45,45%",$489,,$1.995,,,,,,,,,,
março,2011-03-22,Grupo 1,Parceiro A,83,$4.952,$2.251,$45.015,"45,45%",$542,,$2.701,,,,,,,,,,
março,2011-03-22,Grupo 2,Parceiro A,106,$6.261,$2.888,$56.916,"46,14%",$537,,$3.372,,,,,,,,,,
março,2011-03-22,Grupo 2,Parceiro A,96,$6.212,$2.823,$56.468,"45,45%",$588,,$3.388,,,,,,,,,,
março,2011-03-23,Grupo 2,Parceiro A,66,$3.380,$1.536,$30.728,"45,45%",$466,,$1.844,,,,,,,,,,
março,2011-03-23,Grupo 2,Parceiro A,71,$4.739,$2.154,$43.079,"45,45%",$607,,$2.585,,,,,,,,,,
março,2011-03-23,Grupo 1,Parceiro A,66,$4.935,$2.243,$44.865,"45,45%",$680,,$2.692,,,,,,,,,,
março,2011-03-24,Grupo 2,Parceiro A,42,$2.074,$943,$18.858,"45,45%",$449,,$1.131,,,,,,,,,,
março,2011-03-24,Grupo 1,Parceiro A,58,$3.459,$1.572,$31.449,"45,45%",$542,,$1.887,,,,,,,,,,
março,2011-03-24,Grupo 3,Parceiro A,63,$4.289,$1.950,$38.991,"45,45%",$619,,$2.339,,,,,,,,,,
março,2011-03-25,Grupo 1,Parceiro A,51,$3.306,$1.503,$30.051,"45,45%",$589,,$1.803,,,,,,,,,,
março,2011-03-25,Grupo 2,Parceiro A,62,$3.655,$1.661,$33.227,"45,45%",$536,,$1.994,,,,,,,,,,
março,2011-03-25,Grupo 2,Parceiro A,73,$4.289,$1.950,$38.993,"45,45%",$534,,$2.340,,,,,,,,,,
março,2011-03-26,Grupo 1,Parceiro A,102,$6.720,$3.055,$61.091,"45,45%",$599,,$3.665,,,,,,,,,,
março,2011-03-26,Grupo 3,Parceiro A,69,$4.351,$1.978,$39.552,"45,45%",$573,,$2.373,,,,,,,,,,
março,2011-03-26,Grupo 3,Parceiro A,51,$3.398,$1.545,$30.893,"45,45%",$606,,$1.854,,,,,,,,,,
março,2011-03-27,Grupo 1,Parceiro A,100,$5.198,$2.363,$47.259,"45,45%",$473,,$2.836,,,,,,,,,,
março,2011-03-27,Grupo 2,Parceiro A,78,$5.670,$2.577,$51.547,"45,45%",$661,,$3.093,,,,,,,,,,
março,2011-03-27,Grupo 3,Parceiro A,49,$3.088,$1.404,$28.075,"45,45%",$573,,$1.685,,,,,,,,,,
março,2011-03-28,Grupo 1,Parceiro A,110,$6.931,$3.151,$63.013,"45,45%",$573,,$3.781,,,,,,,,,,
março,2011-03-28,Grupo 3,Parceiro A,72,$3.769,$1.713,$34.267,"45,45%",$476,,$2.056,,,,,,,,,,
março,2011-03-28,Grupo 2,Parceiro A,72,$5.240,$2.382,$47.634,"45,45%",$662,,$2.858,,,,,,,,,,
março,2011-03-29,Grupo 3,Parceiro A,70,$4.639,$2.109,$42.171,"45,45%",$602,,$2.530,,,,,,,,,,
março,2011-03-29,Grupo 1,Parceiro A,82,$7.136,$3.243,$64.869,"45,45%",$791,,$3.892,,,,,,,,,,
março,2011-03-29,Grupo 1,Parceiro A,64,$3.790,$1.723,$34.456,"45,45%",$538,,$2.067,,,,,,,,,,
março,2011-03-30,Grupo 1,Parceiro A,42,$2.758,$1.254,$25.071,"45,45%",$597,,$1.504,,,,,,,,,,
março,2011-03-30,Grupo 1,Parceiro A,42,$2.261,$1.028,$20.552,"45,45%",$489,,$1.233,,,,,,,,,,
março,2011-03-30,Grupo 1,Parceiro A,77,$5.318,$2.417,$48.344,"45,45%",$628,,$2.901,,,,,,,,,,
março,2011-03-31,Grupo 1,Parceiro A,77,$6.288,$2.858,$57.164,"45,45%",$742,,$3.430,,,,,,,,,,
março,2011-03-31,Grupo 3,Parceiro A,88,$5.812,$2.642,$52.836,"45,45%",$600,,$3.170,,,,,,,,,,
março,2011-03-31,Grupo 3,Parceiro A,74,$5.566,$2.530,$50.600,"45,45%",$684,,$3.036,,,,,,,,,,
abril,2011-04-01,Grupo 1,Parceiro A,71,$4.036,$1.834,$36.688,"45,45%",$517,,$2.201,,,,,,,,,,
abril,2011-04-01,Grupo 2,Parceiro A,84,$5.278,$2.399,$47.982,"45,45%",$571,,$2.879,,,,,,,,,,
abril,2011-04-01,Grupo 1,Parceiro A,116,$7.705,$3.514,$70.043,"45,61%",$604,,$4.190,,,,,,,,,,
abril,2011-04-02,Grupo 3,Parceiro A,61,$3.860,$1.754,$35.087,"45,45%",$575,,$2.105,,,,,,,,,,
abril,2011-04-02,Grupo 2,Parceiro A,68,$4.573,$2.078,$41.569,"45,45%",$611,,$2.494,,,,,,,,,,
abril,2011-04-02,Grupo 1,Parceiro A,68,$7.254,$3.297,$65.943,"45,45%",$970,,$3.957,,,,,,,,,,